<?xml version="1.0"?>
<dpInst>
    <language code="0x0409">
        <dpinstTitle>IriShield Driver Installer</dpinstTitle>
    
        <welcomeTitle>Welcome to IriShield Driver Installer!</welcomeTitle>
        <welcomeIntro>This wizard will walk you through updating the drivers for your IriShield device.</welcomeIntro>
    
        <eulaHeaderTitle>End User License Agreement</eulaHeaderTitle>
        <eulaYesButton>I &amp;accept this EULA</eulaYesButton>
        <eulaNoButton>I do &amp;not accept this EULA</eulaNoButton>

        <installHeaderTitle>Installing the software for your device...</installHeaderTitle>

        <finishTitle>Congratulations! You finished installing your device driver.</finishTitle>

        <eula type="txt" path="eula.txt" />
    </language>
    <icon>icon.ico</icon>
    <search>
        <subDirectory>*</subDirectory>
    </search> 
</dpInst>
